314523,165538,76255,335416,416827 1250536:1 1744638:1 298526:1 1568238:1 77076:1 1327541:1 1416569:1 1586020:1 1700948:1 652007:1 1815811:1 488832:2 572742:1 1137332:2 1473311:1 513820:1 1210088:1 423304:1 1357328:1 1673413:1 214525:1 1733491:1 1313723:1 1540893:5 1465710:1 2021871:1 1936077:1 513790:1 660115:1 1287792:3 481092:1 843169:2 572336:1 460447:1 97802:1 1397861:3 1284496:1 1875794:1 1972806:1 1457483:1 227881:3 410359:1 265208:7 985823:1 331158:1 85847:1 1402995:1 1710579:1 102853:1 1274838:1 1105861:2 892257:1 951474:1 1004657:1 234275:1 830416:1 563647:3 1564710:4 1156150:1 970168:2 592526:3 550210:1 453755:1 705700:1 1470603:1 903090:1 614785:2 1151929:1 1303404:1 2070888:1 1837036:1 1360760:1 1611236:1 955673:1 49164:2 704224:2 1137133:1 1298082:1 977746:1 9364:1 1267431:1
410523,230296,368303,75145 1173060:1 1342490:1 798599:1 233102:1 1406434:1 75762:1 734780:1 1612924:1 1995312:1 178355:1 1388838:1 869568:1 552589:1 1609223:1 1586020:1 1375387:1 1277713:1 1325943:1 2023678:1 1638333:1 179501:1 1274262:1 664857:4 1108720:1 580073:1 421654:1 1853062:1 1733491:1 660115:1 1911442:1 236566:2 429910:1 1087064:1 1090853:1 1716351:2 1761344:1 2076491:1 501947:1 586641:1 304140:1 8625:1 537383:1 673450:1 1662756:2 401768:1 1138602:3 960295:1 212817:1 1113274:1 1586156:1 1911999:2 1567210:1 201644:1 759612:1 1775769:1 1248932:1 78034:1 39740:1 1151929:1 648180:3 704224:1 953522:1 1942707:1 436001:1 364352:1 1116858:10 1687131:1 980425:1 1856587:1 1505594:1 1930330:1 411806:1 1972556:1 1827349:1 1776185:1 1324806:1 1055696:1 1703941:1 1357328:2 1282101:1 1540893:1 1038442:1 699349:1 1135342:1 567921:1 1768792:1 1477487:1 1157596:1 1647089:1 1513431:1 351045:1 2002269:1 413837:1 1193610:2 1363799:2 210962:9 491398:1 1692962:1 785128:1 1326172:1 453755:1 1879092:1 1519271:1 744742:1 1124277:1 163963:1 1303404:3 340515:1 645802:1 452910:1 1492523:1 1650983:2
21631,183296,131834,163541,9372,394318,367833 634175:1 1095476:4 805104:1 138380:2 887422:1 1411756:1 498399:1 800962:1 1646519:1 734590:1 1882517:1 951474:1 1632763:1 1416733:1 1831621:1 624:1 1055696:1 875554:1 1035567:3 183727:1 1879092:1 941355:1 2076668:1 2075457:1 1159214:1 83815:1 612311:1 1070083:1 1534794:1 1354403:2 1900165:1 666895:1 1298809:1
33692,13402,336776,89487,393382 1958361:1 1406434:1 1087979:1 1575596:1 1568423:1 1647082:1 1683055:2 959786:2 199557:1 1298293:1 1818509:1 1627758:1 1797547:1 1137332:1 792648:1 823758:1 1657857:1 1257203:2 1643138:1 1794479:2 1892706:1 1776443:1 1440249:1 343843:1 1875794:2 1668225:2 840280:2 1959409:2 1806640:2 1269574:1 367780:1 348667:1 1225157:1 1405316:1 1662756:1 1288684:1 1058628:2 75013:1 1274224:1 1341165:1 1124792:1 1092419:1 1370520:1 1248932:1 1055151:1 1576704:1 1669002:1 992551:1 1527338:1 742798:1 1175252:1 447960:1 1956883:1 1390251:1 14403:1 2059598:1 594957:1 818590:7 554613:1 416684:1 1520683:1 352804:1 1227548:1 405008:1 1129361:3 603084:1 1055696:11 1061488:1 358027:1 1729436:1 226053:1 326241:1 54278:1 328156:1 1313681:1 597023:1 1517117:1 1749787:3 1945075:2 1035426:1 1225319:1 1700823:1 521422:3 1900504:1 1390999:1 1959967:2 1912168:1 1219566:1 1193610:1 1117370:1 1630093:2 62619:1 1078156:2 1972926:1 1246596:1 304423:1 1910640:1 855276:2 1989445:1 1822977:1 624:3 275673:1 1345267:1 592526:1 1211852:1 352470:1 548779:1 1779069:1 4288:1 279353:1 106021:2 1909745:1 444833:2 536530:1
372742,97455,239629 670395:1 225836:1 656161:1 1750138:1 377578:2 942856:1 225843:1 692683:2 1623364:1 1388838:1 2906:3 1771588:1 668506:1 629104:1 1792468:1 1108055:1 1760368:1 1129361:1 993300:1 563233:1 894345:1 1026888:2 216888:1 1772845:2 1745826:1 1657857:1 1357328:1 1544540:1 1104203:1 1884734:2 1643138:1 1419456:3 677489:1 1666013:1 1794479:6 1806390:2 1459643:1 2016922:1 701730:3 1487542:1 1755545:1 1018545:1 1997990:1 1978368:1 1340356:2 94308:1 204526:1 1271709:1 1963829:4 1835261:1 818218:1 1208296:2 354671:1 451763:1 1742113:1 1060680:1 235010:1 875146:1 734590:2 904233:1 1341165:1 538514:1 1671369:4 245929:1 1679208:1 1182585:1 1863140:1 201644:1 485836:2 1482872:1 732629:1 1960905:1 1941162:1 1232204:7 698137:1 19707:1 909897:1 1550911:2 173875:3 1424104:1 1149268:1 1411730:1 898823:1 927665:2 1956883:1 607163:1
103549,216214,125129,83276,283893,312471,112324,341717,331976,361191,77213,176163,353203,224066,127551,215590,406587,147854,338919,252097,438223,113271,197997,166053,43828,90421,42762,337469,377738,277415 1938714:1 1332700:3 1173429:1 792404:1 1412158:1 2041388:1 1888950:1 1771588:1 1318108:1 445489:1 161106:1 1951989:1 813646:1 1648873:3 849174:1 768504:1 657583:1 1657857:1 1226538:1 829945:1 1755545:1 1029823:3 368726:3 1047611:1 575176:2 592077:1 897976:1 1752388:1 198108:1 734433:2 2011669:1 1662756:1 1227197:1 260095:1 1632648:1 1659036:1 1796830:1 1257195:1 388259:1 1843700:1 1118538:1 1775769:3 639789:1 1079226:3 246440:1 1151929:1 1647730:1 648180:3 1646749:1 1907262:1 447960:2 1074553:2 736945:1 1215753:2 2015694:1 1188488:1 1368750:1 1155905:1 1856587:2 1934225:1 809983:1 1972556:1 1291084:1 779445:1 239822:1 432317:1 161532:2 1057571:3 616933:1 366312:1 1416733:2 2016206:1 21904:1 1526114:1 547120:1 91985:3 1976540:1 1104203:1 220436:1 1117295:1 1282101:1 1330102:2 1568627:1 490039:1 1092522:1 170472:1 1354403:1 612283:1 1783350:1 244958:1 1039618:2 624483:1 639856:1 521422:1 1725628:1 1943916:1 1009046:8 331158:3 290030:1 1406220:1 1042724:2 40009:1 491398:2 1376407:4 1333747:1 1096714:3 1260738:3 1691149:2 814454:2 1101820:1 968073:1 2070888:1 1530845:1 1618727:1 1890226:1 366459:1 893501:1 1298082:1 1099339:1
370366,80930,277884 1215753:1 1124036:1 457097:2 337033:1 459632:1 192368:2 1565595:10 1677107:1 148741:1 599336:2 1050309:1 1580636:1 288793:1 1609223:1 1927681:1 1648873:2 575949:1 797180:1 958298:2 1382867:2 1066382:1 691191:1 1657857:1 1357328:1 727696:2 671699:1 778329:1 219935:1 1104203:1 940790:3 762307:1 2021871:1 1990943:1 1433309:1 890132:1 196926:1 1399561:1 1424664:1 822182:2 1390999:1 709175:1 1118902:2 1662756:1 571060:1 883819:1 1475108:3 2003717:1 1337660:1 1645820:1 1165556:1 1431048:1 1247614:1 1857147:1 1317808:1 201644:1 485836:1 1630598:2 1389015:6 1754294:6 1055151:1 233002:1 1501923:1 1118928:1 1099579:1 9862:1 1355050:1 621309:2 615458:1 1180578:1 337093:1 2021847:1 1959799:1 444833:1 253438:1 871718:1 1479112:2
19681,334768,121576,241145 1631375:7 2002144:2 352265:2 1649503:1 1441481:1 175841:2 1331568:1 1565595:1 1485536:1 1184547:2 1415790:1 1899216:1 1124270:1 1290894:2 851573:1 1614867:1 982719:1 1203061:1 1055696:1 1523706:1 346908:4 588753:1 1703941:1 948058:1 156339:1 1073805:1 1349513:1 1364828:1 310383:1 1393159:1 1653917:1 624483:2 116317:1 822182:3 304140:3 758875:1 5995:3 843588:1 985823:1 475927:1 42881:1 1504984:1 1222195:3 734590:1 119093:1 1431048:1 672242:1 1822977:1 1567210:1 1216250:1 568402:3 853947:1 2023960:1 17471:1 1011507:1 1151929:1 74962:1 1618727:1 821458:1 760008:1 1390251:2 1987554:1
283755 1712324:1 1973452:1 117096:2 14403:4 163757:1 1647082:1 1682056:1 699476:1 1646519:1 1468020:1 428930:1 1632763:1 1370322:1 606320:1 958298:1 1745826:1 166043:1 622121:1 1357328:1 421654:1 671699:1 1893234:1 1428566:1 809642:2 1198968:1 1419456:1 589347:3 513790:1 1430252:1 858873:1 1717483:4 1832282:1 1674781:1 68864:1 1965036:1 304140:2 1827126:1 818218:2 1564192:1 413837:1 95970:1 319298:2 451763:1 1504420:1 362345:1 345950:2 176064:1 245929:8 938627:1 705666:1 563647:1 1831621:1 1656683:1 1016392:3 1152697:1 792544:1 1704929:2 1775769:1 1211852:1 424701:4 1016415:1 877371:1 173442:2 650359:1 723368:1 1344514:1 598184:1
357626,275226,336342,99203,193976,115256,338304,433675 576680:2 1435899:1 1206931:1 1938714:2 2044897:2 77076:1 1297246:1 1318108:1 869568:3 1951989:1 1609223:3 502843:1 454309:1 1731205:1 1526:1 1531747:1 1057571:1 1744427:3 849174:1 938149:1 1877048:1 21904:1 513820:1 892830:1 1503464:7 1643138:1 1117295:1 1052444:2 337935:2 1733299:1 513790:2 522220:1 572336:1 1087064:1 1178277:1 65007:1 1185309:1 1472454:1 773140:1 38294:1 1100958:1 732525:2 1231497:1 1713687:1 1622966:1 2012805:1 1083954:1 1775769:2 2006500:1 2073096:1 697279:1 985077:2 359429:1
130762,364560,255325,279577,42385,351855,24177,407027,55747,217095,143977,101806 1658384:1 1370520:1 1576103:1 2070846:1 649412:1 1054595:1 554009:1 1348584:1 1257203:2 1419456:1 708889:1 2021871:1 173442:1 1164172:1 1440271:1 634374:1 120505:1
216096,445244,352578,153292,174235,395447,234012,204506,291580,412529,112412,137431,352207,35059,27512,157031,146757,382325,337231 736945:1 562128:1 1208994:1 2015694:1 1888062:1 1766675:1 909661:1 178355:1 1568423:2 607676:2 1856587:3 1318108:1 869568:1 1951989:1 507796:1 552589:3 1586020:1 1848879:1 1632763:1 959786:1 1620757:1 1057571:2 138155:1 797180:1 613421:1 1556679:1 1832029:1 1055696:3 1657857:2 1503464:1 73429:1 1357328:1 633601:1 268108:1 1976540:1 1540893:1 1019425:1 1135342:2 403545:3 1761882:3 2066280:1 1490268:1 1474799:1 1794479:1 236566:1 160218:1 778282:1 1178277:1 1375254:1 1963055:1 774846:1 1155347:1 358213:1 1929508:1 1718592:1 331158:3 480106:1 1974934:1 1272848:1 1551458:1 1662756:2 1105436:1 960304:1 1160253:1 2045398:1 1630093:1 491398:1 62483:1 634374:2 1857147:1 1822977:1 201644:2 1438259:1 1630598:1 527903:1 1248932:2 1434771:1 165597:1 662293:1 221470:1 1491559:1 1383019:1 744742:1 594888:1 517668:1 615458:1 753337:1 1303404:1 648180:1 2070888:1 452910:2 1956883:2 1048786:1 1725872:3 1650983:1
55377,354758,390846,413764,395447,286264,317914,276114,135919 958298:1 774846:1 1141130:1 457097:1 1745826:1 822182:1 200187:1 1434771:1 607676:1 1418195:1 1040626:1 1442489:1 1440271:1 343448:1 1794479:1 634374:1 359544:1 207596:1
147222,320222,13297,156490,283757,274918,58376,248535,144542 650288:2 14403:1 836227:1 554613:2 370645:5 77076:1 1230696:1 703491:1 1012717:1 280745:1 1702261:1 836420:2 1056521:1 1699808:1 582075:1 1797547:1 451878:1 792648:1 614815:1 1252552:1 152406:1 1364828:1 1330102:1 1936959:1 368496:2 278011:1 458422:1 1953199:1 343843:1 544578:1 840280:3 1959409:1 655863:1 647403:1 367780:1 1435596:1 1134680:1 1117370:2 686665:1 1058628:1 782744:2 1092175:1 1661467:1 1702584:1 1247614:1 1822977:1 467693:1 1264972:1 1228816:1 1321825:3 106021:1 1891434:1 545532:1 1909745:1 444833:1 1956883:1
402976 1020647:1 352265:1 1293808:1 322577:1 686577:1 497262:1 1022560:1 1193610:1 192868:1 1632648:1 236566:1 1972926:1 1648873:4 760507:1 855276:2 705666:1 1837396:1
66329,413645,13966 29607:2 650388:1 2064841:1 1274085:1 1332700:2 890223:2 2044897:1 25642:1 847411:1 247874:3 2029930:1 959786:1 1701841:1 1648873:2 1635161:17 1873833:1 1811701:1 1815811:1 1845351:1 1674696:1 54597:1 421654:3 1733491:1 1257203:3 790955:1 2021871:3 1022560:2 1582135:1 1966840:1 1913055:1 236566:6 1530261:1 1087064:1 70064:3 1755545:1 1761344:2 368726:2 1395473:1 1668225:1 1960509:1 1806640:1 734433:2 1012853:1 1139880:3 1165556:1 1231497:5 1678984:1 1831621:1 1293808:4 459607:1 1370520:3 1775769:1 1988316:1 114148:1 119320:1 339959:1 909897:1 1080282:2 760008:2 1090357:1 1048786:1 1227501:1 386696:1 1535030:1 1576103:4 1640651:2 1311866:3 10112:1 1623364:1 77076:1 1505594:6 809983:2 233931:1 428930:1 1291084:1 1731205:1 1699405:1 138155:1 161532:2 1421654:1 1055696:1 1005829:1 91985:2 1879841:13 1540893:1 1623742:1 624094:2 343448:1 380192:1 1354403:1 1225319:1 1124870:1 198739:1 1175800:1 1590446:1 1309844:3 43019:1 475136:2 413837:1 1010349:1 131999:2 1176763:1 155921:1 25733:1 1566579:1 364060:1 1568086:1 672242:1 1822977:2 1230009:1 1345267:1 664157:1 1879092:1 1209336:1 2077991:2 517668:2 173442:2 229842:1 1287114:1 160318:1 871718:1 49915:1
269082,352505 733637:1 117096:1 890223:2 836227:2 60305:1 2023169:1 869568:1 1012717:1 518736:1 1414086:2 1609223:1 1137477:5 1648873:1 1522510:1 1370322:1 1811701:1 1382867:1 707014:1 1274262:1 421654:3 1432746:1 1673413:1 1313723:4 8032:1 1198968:1 790955:1 1948802:2 1794479:1 515946:2 1087064:1 1298289:1 1716351:3 429246:1 1841227:1 592077:1 143176:1 840280:1 1275264:1 734433:1 1963790:1 1355681:1 571060:6 1662756:1 951474:1 2063182:1 1661467:1 293440:1 1001523:1 1575378:3 1293808:1 130608:1 44551:1 903090:1 503074:1 1321825:1 1946550:1 1080061:1 791248:1 591599:1 1074553:1 1370923:1 2046814:1 1506906:1 1649503:2 2041043:1 1186564:1 847395:1 1445073:1 1731205:1 1701660:1 1744427:1 977930:1 1129361:1 769111:1 702378:1 1055696:1 235592:1 662934:15 91985:3 1018630:1 345311:2 677489:2 1035426:1 70820:1 1110054:1 1155347:1 521422:1 331158:1 945173:1 1431831:1 1594183:1 1117370:1 1423783:1 102853:1 1630093:2 782744:1 245929:1 660309:2 719078:1 1822977:1 898766:1 2000227:1 1496604:1 1673671:1 517668:1 173442:1 1124277:1 1331449:1 1496676:1 1530845:2 106021:1 1510227:6 444833:1 1995668:2 603531:1
170787,367232,174225 439500:1 1997990:1 1943916:1 1708645:1 159699:1 1844543:4 1647082:1 985823:1 1710579:1 699476:1 411806:1 1176165:1 755386:5 1362237:2 727749:1 1210088:1 1357328:1 1241171:1 1673413:2 1275127:1 513790:1 572336:2 1424104:1 1354403:1 829945:1
151694,14123 2002144:2 1215753:1 1950952:1 1446478:2 1698050:1 1508931:1 1942846:1 1844076:1 1441481:1 686577:1 594281:1 1647082:1 835677:1 1283022:1 780927:1 1930426:1 1184547:1 1468020:1 375423:1 959786:1 1046731:1 1534947:2 488832:1 1745826:1 1533683:1 1175584:1 664857:1 1108720:1 839438:1 660115:2 846847:1 481092:1 1794479:2 313154:1 1134734:1 56711:1 412501:3 2010057:1 368726:1 1082402:2 1018778:1 635645:3 1155347:1 610939:1 304140:2 1842323:1 818218:3 1017525:2 331158:1 413837:1 518448:1 748250:2 475927:1 844281:1 2044680:1 460312:1 686665:1 1662756:1 407661:1 689706:1 1504744:1 270051:10 1550210:1 1176165:1 625391:2 293440:1 1230009:1 1370520:1 530797:1 367002:6 2016733:1 1496604:1 1669002:1 744742:1 1963389:1 1148160:1 1303404:1 83815:7 1530845:1 1056485:1 223635:1 1263370:1 1013409:1 444833:1 1987554:1 105959:2 207856:1 1942707:1
195420 572336:1 1609223:1 1405713:1
76866,318278,14661,164862,71999,297231,355966,433093,9934,403219,123682,24177,102151,292915,91015,307541,188756,60415,131368,54612 1672696:1 1525311:1 1988219:1 436970:1 404622:1 2041388:1 123278:1 225843:1 2052373:6 722358:1 1763276:1 2906:1 307577:1 854101:1 134182:1 1124270:1 1080985:1 1858995:1 914006:1 1365284:1 1668745:1 1634761:1 1657857:1 275668:1 1853062:1 1673413:1 762307:1 1869470:2 2021871:1 876560:5 1428542:1 1966840:1 1440271:1 1794479:1 1676654:1 616470:7 241581:2 384984:1 1880259:1 1142262:1 1142714:1 720640:7 1097673:1 1390459:1 94588:3 110218:1 571060:3 225042:1 1100958:1 56146:1 717152:1 201644:1 1092419:1 199499:1 1289192:1 1754294:1 241052:1 1554812:1 1605956:1 700561:1 615458:2 1069056:1 179597:2 155815:1 1392213:1 846298:7 411806:3 1453485:1 1155668:1 1876653:1 940919:2 547120:1 1703941:1 1809076:2 1073805:1 1517117:1 1704452:1 846847:1 1899984:1 1097653:1 343448:1 1900165:1 384013:2 255560:1 780026:1 1179141:1 1222195:2 801634:1 1991820:1 612132:1 1883908:2 1972926:1 634374:1 245929:1 1228977:1 1021957:3 778108:1 1063847:1 1863140:1 1608955:1 363970:2 527813:1 1606217:2 1779069:1 517668:1 17471:3 855613:1 4288:1 1303404:1 538053:1 1974330:1 228848:1 371027:3 444833:1 1953827:1
383720,310485 163761:2 1306643:1 1708645:2 25642:1 554613:1 1568423:1 77076:3 869568:1 809983:1 570274:1 757207:1 1257144:1 836420:1 1629124:1 1365754:1 238758:1 1369112:2 183727:1 1413268:1 1703941:1 1108720:1 1010980:2 256448:1 1997532:1 1976540:1 1238307:1 1673413:1 1884734:1 1540893:1 1226538:2 936058:1 2001691:1 1971834:1 660115:2 19235:2 1608847:1 1022100:1 1922407:1 967057:1 882505:1 693561:7 561667:1 1082780:1 1501936:1 1545896:1 854829:1 367780:1 1081450:1 319298:1 158940:1 1877633:1 460312:1 1117370:1 1662756:1 1561416:1 1972926:1 522034:1 720397:2 1710299:1 1567210:1 1775769:1 78034:3 1155080:1 954133:1 517668:1 352591:1 1827530:1 986495:2 1321825:1 1341966:1 1909745:1 545532:4 1802605:1 951771:1 1280308:4
426677 1018778:5 471303:2 179501:1 1229531:1 402600:1 300961:1 1030764:1 1180213:2 594281:1 77076:1 995414:2 357645:1 163963:5 517668:2 208887:2 572336:1 1550210:1 1632763:8 106021:3 1761344:1 1185309:1 1284496:3 1575378:2
93029,416178,54755 26109:2 624483:1 301093:1 997170:1 2080516:4 1054595:1 709175:1 1398459:1 255829:1 1794479:1 1762740:1 1884028:3 1661467:2 717152:2 373223:1
240387,49306,50698,145461,338372,93246,39419,381171,373262 1465056:1 233102:1 749518:1 836227:1 1649503:1 1783257:1 688501:1 768063:1 224482:1 1505594:1 1012717:1 23037:1 1580636:1 1646519:3 959786:1 138155:1 1129361:1 1468487:1 240463:1 1648546:1 55490:1 1797547:1 1333192:1 516212:1 2068520:1 614815:2 421809:1 1357328:1 856508:1 2034778:1 671699:1 503061:1 85344:1 554009:1 1257203:1 1419456:2 1971834:1 1364828:1 930717:1 1921801:1 710846:1 846847:1 274747:1 1844506:1 19235:1 1433309:1 1887558:1 380192:1 1431535:2 724562:5 183039:1 343843:1 659394:1 693561:1 1463100:1 1668225:1 1725628:1 59659:1 1767873:1 1959409:1 1390999:1 1806640:1 1176763:3 1435596:2 782744:1 1550210:1 1661467:1 1766683:1 1370520:1 38746:1 1156588:1 1128770:1 670512:1 100976:1 57027:1 517668:1 1893219:2 1321825:2 1424104:1 106021:1 760008:1 927665:1 444833:1 1956883:2
313930 378485:1 352265:1 1535030:1 898599:1 938317:1 25642:1 729936:1 2044897:1 703296:1 807100:1 93610:1 345291:1 288793:1 1007992:1 188884:1 977245:1 1276782:1 1309431:1 464499:2 2023678:1 1308008:2 1357328:2 1440525:2 790955:1 178166:1 1266650:2 258815:1 1588393:1 403666:1 1530261:1 1385952:1 1785515:1 1708192:1 368726:1 1251823:1 1972806:1 765860:1 2062054:1 1486030:2 1738659:1 1838232:1 1581077:1 1058628:1 735656:1 1796830:1 1596562:1 743881:1 544780:1 1178584:1 1071264:1 703810:2 1469991:1 1083954:1 806916:2 1415071:1 1891409:1 1127149:1 2041322:2 480597:1 1935972:1 171344:1 863171:1 2070888:1 1018953:2 106021:1 1090903:2 129028:1 444833:1 1390251:1 694794:7 105959:1 1920066:2 542365:1 1298809:1 702803:1
356006,24430,26039,444135,175715,61661,406975,382729,302344,84090,86836,369623,333680,443738,106615,228092,313487,188406,243864,359112,357132,126350,96140,361517 1413638:1 656161:1 1687131:1 836227:1 830834:1 1856587:1 262261:1 1184547:1 809983:1 749227:1 1629335:1 1497076:1 1972556:1 1531747:1 1189508:1 791238:1 1370322:1 394842:2 894345:1 888083:1 1055696:1 1526114:2 1657857:2 1274262:1 1841758:2 1108720:1 940790:1 1749787:1 1135342:1 1761882:1 1431535:1 368726:1 560944:1 1124870:1 1164947:1 1214044:1 521422:1 199197:1 648860:1 1371513:1 1941042:1 475927:1 42881:1 1662756:1 407661:2 1796830:1 1741902:1 98667:1 1443236:1 1972926:1 1102430:5 485913:1 522034:1 1019574:1 1317808:1 1843700:1 1822977:1 1875749:1 201644:1 1155295:1 78034:1 1501923:1 1099579:2 906560:1 1079226:1 1164540:1 1963389:1 903090:1 1303404:1 173875:1 1424104:2 1895853:1 1992370:1 1263370:1 444833:1
329708,130532,145661,283813 262961:1 1229531:1 104338:1 1037925:1 844281:1 1334603:1 1155905:1 1409541:1 1100958:1 208887:3 641274:1 1999728:1 1561599:1 1632763:2 1622966:1 2016206:1 933637:1 1831621:1 1565430:1 179501:1 2055911:1 1326172:1 1042393:1 1357328:1 421654:1 1530734:1 645000:4 1673413:1 1517117:1 163963:3 660115:1 624094:1 892674:1 1990943:1 1530261:2 1823725:4 128367:1 1013409:1 1454403:1 1725872:1 29525:2
168733 1800928:1 836227:1 2044897:1 225843:1 1366737:1 504434:1 1089537:11 765589:1 1252490:1 1890515:2 661501:5 464499:1 1811701:1 646422:1 1274262:1 1210088:1 547770:1 814457:1 1643138:1 790955:1 1076445:1 572336:1 778282:1 895593:1 1087064:5 1530261:3 1755545:1 1993701:1 368726:1 1018545:1 1956878:2 169345:1 840280:1 846628:1 1183256:1 1710579:2 1662756:2 1058628:2 2003456:1 665269:1 1550210:2 855068:2 2079113:4 1513667:1 1118538:1 1775769:1 1016415:1 1762243:1 1623047:1 899462:1 903090:1 760008:1 663149:1 587364:1 1569784:1 1489700:1 77076:1 383023:1 583340:1 2006829:1 1288672:1 158677:2 1757955:1 411806:1 682707:1 1007992:2 1531747:1 1776932:1 977930:1 2045756:3 242149:1 1357328:2 1888171:1 1976540:1 102803:1 1763253:1 1623742:2 624094:1 624483:1 1225319:1 774846:1 1401714:1 2059030:1 1402995:2 1235948:1 952218:1 481346:1 608531:1 1392181:1 155921:1 658074:1 364060:2 538514:2 1967260:2 945541:1 681235:2 1571475:1 991207:1 589817:1 8345:1 1178820:2 570238:1 517668:1 173442:1 1303404:1 203583:1 876667:1 102265:2 1451474:1 1708230:1
124401,54156,187531,78761 1173060:2 1215753:1 1229531:2 791288:1 1797398:1 843588:1 909661:1 1037925:2 1582226:10 2011669:7 847395:1 1662756:2 699476:1 1504744:2 206155:3 388259:2 691225:1 1943787:2 81211:1 1822977:1 1831621:1 933637:1 898766:2 1055696:1 707014:1 1425672:1 1638333:1 179501:2 614815:1 592526:2 421654:1 895246:1 790955:1 337493:2 517668:1 513790:2 992733:2 1022560:1 50292:2 805557:1 1321825:2 460447:3 452910:1 1788388:1
175507,57054 533459:2 1958361:2 1647082:1 1694757:2 1763276:1 1887527:1 1443421:2 1609223:2 2062163:1 502843:1 1690566:2 391714:1 1638333:1 1657857:1 397947:1 1541526:1 364657:1 1673413:3 1022560:1 1950465:1 436158:6 313154:1 778282:1 460447:4 766526:1 1755545:1 1164947:1 1318976:1 1874841:1 596883:1 497332:1 1318989:1 1431570:1 2025637:1 437315:1 1818401:1 1675958:1 1031856:1 114303:2 1550210:1 951474:1 530672:1 598139:1 491361:1 458277:2 737818:1 1551894:1 511477:2 466072:1 616008:1 324233:1 576376:1 85587:1 1151929:1 955673:3 303924:1 1641210:1 736945:1 916841:4 1428563:1 1659942:2 1582226:3 980425:1 656491:1 847395:1 511583:1 1272376:1 268435:1 79309:1 1291084:3 1592520:2 1556837:1 1230930:1 168743:8 958298:2 1055696:1 1136807:1 183727:1 1616602:1 1104203:1 1076755:1 377201:1 677489:1 1552752:1 1843232:1 1426892:1 1462924:1 898216:1 91729:1 1170150:1 937371:1 209269:1 1820962:1 158940:1 1972926:1 1566579:1 1239784:1 70209:1 245929:1 219379:1 1021957:1 234769:1 454322:1 898766:2 1089742:1 1230009:1 1326172:1 363970:1 514127:2 1211852:3 1864180:1 1108126:1 169874:1 1798450:1 1020003:1 737629:1 1854012:1 1492523:2 1267431:1
21169,144219 736945:1 1574122:1 299837:1 1275072:4 436001:1 108134:1 1569784:14 389065:1 836227:1 1083932:1 2041388:1 686577:1 1080139:1 2044897:2 220575:2 47099:1 1319642:1 1165861:3 1247131:3 1322096:1 411806:2 1167531:1 956190:2 2077110:11 198381:1 1406764:1 161532:2 138155:7 993989:1 55490:1 1009564:1 1324806:1 603084:1 709381:1 792648:1 1657857:2 1274262:1 1357328:1 421654:1 1673413:5 809642:9 1733491:1 1073805:2 558918:2 882853:1 1092522:1 343448:1 78684:2 778282:2 1087064:1 1530261:4 375853:1 948945:1 97802:1 521422:1 1894161:3 108454:4 1371877:2 227881:1 1432614:1 1564192:1 936379:1 608531:3 1160253:2 1301820:1 710312:3 2063182:1 707417:1 738379:1 1575378:3 1082962:1 1930136:4 215101:1 1872792:3 1101820:2 1204000:3 2071533:1 1530734:1 444639:3 1026773:4 548281:2 884863:2 517668:1 2028501:1 614785:1 1458999:1 1926912:5 1105836:1
69142 533459:1 955394:1 1841227:1 2015694:1 1387104:1 1797398:2 665809:1 2044897:1 1129642:1 1766389:2 1755946:1 1582226:13 2011669:1 505501:1 1951989:1 49131:4 1445073:1 1124270:1 1173098:1 206155:5 587158:1 362345:1 391017:2 1137599:2 964723:1 1943787:1 926016:1 81211:1 1715083:1 898766:1 1359499:1 1425672:2 1775769:1 1248932:1 1438844:1 44551:1 895246:1 558918:1 992733:1 678002:1 50292:3 1530845:1 460447:2 722500:1 1755545:1 1761344:1
8384,22342,420589,72686,228506,77842 1412013:1 2049391:1 967287:1 163388:3 1184547:2 1124270:2 411412:1 1518413:1 993989:1 612945:3 1722224:1 1104203:3 1226538:1 399879:1 1095146:1 1794479:2 1022276:1 313154:1 1943394:1 515946:1 540225:1 1755545:2 1035426:3 1371513:1 1963829:1 773140:2 985823:1 475927:1 1325238:1 780026:1 260095:1 734590:3 1661467:1 2007821:3 245929:2 703810:1 1387826:1 238341:2 107251:1 1358436:1 1589087:1 548281:1 246707:1 1605956:1 747854:1 1111285:1 235978:1 1907262:2 318977:1 441460:2 2011227:1
351415,436604,66145 1232806:1 1331568:1 77076:1 39040:1 1917950:1 869568:1 1012717:4 1406707:1 699476:1 897153:1 584798:1 454309:1 1531747:1 461672:1 753169:1 769111:5 297238:3 1009564:1 1788040:1 1055696:1 1274262:1 1853112:1 822956:1 578672:1 655165:1 1038442:1 1135342:1 846847:1 621043:1 1139341:2 1068228:1 1380716:1 343843:1 477325:1 342764:1 748250:2 1225157:7 1662756:2 1504744:1 1067990:1 388259:1 1359630:1 1233846:1 898766:1 1228744:1 1605956:1 744742:1 1021448:1 635396:4 1618727:2
225248,410963,289465,293247,362110,354244,51930 979934:1 1250644:1 576553:1 1953266:1 686577:1 1828130:1 868249:1 77076:1 898762:1 1763276:1 1783458:1 2906:1 1247131:1 869568:1 1913435:1 1406707:1 909830:1 725942:1 1596239:1 25604:2 352804:1 1531747:1 1370322:1 1694790:1 1055696:1 1330502:1 892830:1 1961527:2 1357328:1 45793:1 1836643:1 421654:2 1954031:1 1439408:1 345311:1 2039172:1 1022560:1 1568627:1 660115:1 624094:1 1990943:1 363335:1 1913055:2 1506999:9 522424:1 544232:1 948945:1 1290268:1 1035426:2 1157596:1 1225319:1 1214044:1 116317:1 792008:1 1390999:2 600107:1 165782:1 985823:1 331158:1 1118902:1 1117370:2 608531:2 1504744:1 294532:2 1176165:1 163069:1 1550210:1 1878870:1 673463:1 572840:3 543926:2 563647:1 1922907:1 1575378:1 1204000:2 2071533:1 1646325:2 1501923:1 526683:1 934687:1 517668:2 1760446:1 1987781:1 1321825:1 748400:1 955673:1 1106204:1 447960:1 586996:1
148536,429472 1124036:1 2015694:1 1530676:1 686577:1 1659942:2 2044897:1 1828130:1 1248355:2 1258867:2 480554:1 699476:1 87161:1 1586020:1 742845:1 1700948:1 1632763:1 64843:1 1556837:1 1521478:1 55490:1 1009564:1 1055696:2 892830:2 1406586:1 1357328:1 421654:1 1954031:1 1257203:1 655165:1 1733491:1 639885:1 1989788:1 1352528:1 664260:1 368726:1 1545093:1 1894161:3 1994892:1 304140:1 818218:1 1486030:2 746843:1 871465:1 1662756:1 102853:1 1550210:1 1622966:1 1872792:2 1101820:1 1370520:1 1775769:1 592526:1 2071533:2 1342047:1 269837:8 1303404:1 1267431:1 663149:1
304598,307963,12655,149678,207086 1303050:1 2015694:1 117096:2 1973452:1 1216523:1 2044897:1 686577:1 1641938:1 77076:1 980425:1 1455283:1 1012717:2 288793:1 1951989:1 1491036:1 454309:1 2056289:1 1129361:1 1055696:1 1653785:1 370344:1 1733491:1 940790:1 1018630:1 660115:1 846847:1 83988:1 1794479:2 1641306:2 1087064:5 1530261:1 701730:1 1823725:1 343843:1 1548531:4 1225319:5 1155347:3 1841227:1 1393408:1 818218:9 342764:1 413837:1 411791:1 1160253:1 1504744:1 1650886:1 1661467:1 1822977:1 1016392:1 1296277:1 453755:1 1891409:1 44551:1 51134:2 173875:1 1925178:1 183769:1 1942707:1 1883475:2 1492782:1
390366,411871,337769,302800,52495 1535030:1 781:1 255720:1 899020:1 2041388:1 1188488:1 548501:3 1505594:2 1939227:3 1545604:1 1820359:1 1455824:2 1609223:1 1176704:1 1969286:2 953819:1 311831:1 1678278:1 424711:2 1438844:1 1542762:2 440325:2 1887558:1 1887626:1 1727615:1 213518:4 927087:1 696514:1 1371513:2 1497506:1 709175:1 869977:1 1964184:1 827327:1 1058628:2 1960136:1 1561599:1 472962:1 1213239:3 1661467:1 1782936:1 1233379:1 1156765:1 424701:1 1257492:1 1124225:2 1669002:1 855613:1 615458:1 909897:1 2034880:2 363921:1 1157730:1 977746:1 858085:1
390366,411871,52495,186923 1631375:1 507140:1 1535030:1 1884231:1 156628:1 828325:1 337033:1 899020:1 255720:1 14403:1 988865:2 1623364:1 247874:1 1546200:1 1505594:3 548501:7 1468994:2 1939227:3 518736:3 1057619:1 699476:1 1455824:4 1108055:1 1969286:5 297238:1 655208:1 311831:2 1678278:1 1745826:1 761545:1 424711:2 657583:1 1855451:1 1438844:4 791421:1 1764741:2 2016108:1 524516:1 1887558:1 375853:1 1823725:1 111935:1 1755545:1 213518:4 1834395:1 1513431:1 793317:2 696514:5 1576015:1 1001251:2 1853360:2 2025637:1 1827126:1 1722666:1 1564192:1 1037925:1 869977:4 42881:1 150730:1 1355681:1 1058628:1 1423783:1 951474:2 485913:1 1749504:1 1431048:1 245929:4 1213239:5 1320478:1 171355:1 813300:2 1293808:2 409908:1 1782936:1 1370520:3 1589473:1 1472093:1 424701:6 453755:1 113391:1 1278922:2 51134:1 855613:1 503074:1 909897:2 2034880:1 1791904:1 173875:1 384549:1 1946550:2 955673:1 405364:1 1384437:1 858085:1 1440939:1 1492782:1
426835 156628:1 1579341:1 1693623:1 1853360:1 836227:1 696514:1 890223:1 909661:1 1017525:3 77076:1 869977:1 980425:1 1505594:1 1939227:1 1350856:1 571060:1 1662756:1 1951989:1 590460:1 1520683:1 375423:1 1690566:1 1277713:1 485913:2 1088117:1 1324806:1 424711:1 1540056:1 389952:1 1673413:1 379821:4 54659:1 83988:1 909897:1 173875:1 524516:2 1618727:1 893639:1 629784:1 1896769:1 70064:1 1229311:1 666895:1
175917,344136,332663 997170:1 262961:1 1627450:2 1452588:1 40818:1 1432614:1 480106:1 1653693:1 490700:1 899753:1 1553835:1 1012717:1 1184547:1 1193610:1 1222195:2 1210039:1 646186:1 1550210:1 1789995:1 377433:1 846524:2 1496746:1 1567210:1 534346:1 238341:1 614815:1 304690:1 697530:1 1792815:1 36261:1 572336:1 1321825:1 585587:1 313154:2 1330448:1 1732776:1 1992370:2 766526:1 682993:1 1495604:1 1858857:1
315987,267778 1210726:1 836227:1 1080139:1 2044897:1 914077:2 1942437:1 1449956:1 844281:1 1586020:1 1045855:1 1406764:1 247451:1 703810:2 1297415:1 1199606:1 201644:1 1872792:1 1210088:1 2071533:1 1357328:1 1053555:1 1073805:1 1583565:1 2021871:2 958523:3 654688:1 1530261:4 1380716:1 1916818:2 372690:3
147289 1082962:1 1565430:1 1229531:1 1026584:1 1357328:5 1954434:6 5995:2 899983:1 421654:1 1870213:2 985823:1 734433:1 1226538:1 1766720:1 2070888:2 1550210:1 1376407:3 1823725:1 926016:1 1710299:1 1942707:1
322923,108401,186642 2002144:8 1155198:1 2015694:1 1708645:1 1772536:2 1773860:1 1192097:1 1013175:1 1533992:1 959786:1 1179188:2 616933:1 138155:2 1407237:1 1521478:1 1421654:2 1040029:1 1879841:8 1763253:2 490039:1 660115:1 1070046:1 19235:1 1696640:1 853262:1 1354403:4 1755545:1 1407122:1 2079595:1 1932784:1 693561:1 1251823:1 1972806:1 1916315:1 574599:1 1026584:1 1963829:1 5995:3 818218:1 985823:3 1710579:1 1012853:1 715431:1 1550210:1 1568086:1 1165556:1 1707342:2 491361:1 1822977:1 1933402:1 238341:1 367002:1 899983:1 853947:1 114148:1 548281:1 1572296:1 1470603:1 1001848:1 1169270:1 83815:2 1611236:2 57443:2 1263370:1 469333:2 1942707:3 1267431:2 1074553:1 1492782:1
413645,232800,39109 352265:2 483474:1 731260:1 984187:1 576553:1 391248:1 1130096:1 807100:1 410156:1 77076:1 302205:1 1505594:2 1189987:1 629104:1 1159388:1 977930:1 359164:17 161532:1 1581631:1 1416733:1 1226387:1 868581:1 661501:1 769111:1 1880531:1 1678278:1 1274262:1 1832272:1 1776169:1 1210088:1 423304:1 1673413:1 1929573:4 1958058:1 791421:1 1823635:1 1239417:1 1869470:1 445284:1 1582135:1 766526:1 1087064:3 1837396:1 178086:2 118458:1 1155347:2 1199934:1 1467522:1 923426:1 739760:1 734433:5 481346:1 844281:2 1225157:1 608531:4 1662756:3 1550210:1 951474:2 673463:1 522034:1 1717451:1 1391387:3 245929:1 1233846:1 1580634:1 991207:1 893311:1 1112520:1 884863:1 1763272:3 548779:1 1275127:1 517668:2 273956:1 614785:1 447960:1 250119:1
58288,139295 576553:1 1210783:2 77076:1 1380449:2 87161:1 551690:1 1406764:3 523697:1 1521478:1 926016:1 1608252:2 55490:1 1055696:1 1657857:3 91985:1 531556:4 421654:2 1257203:1 809642:17 1733491:1 398709:5 2021871:1 1022560:1 1597824:1 1311254:1 1108232:2 1814910:1 1645258:1 853262:1 1412726:1 1284496:1 1875794:1 116317:1 456675:1 1916315:1 1965036:1 818218:1 1054595:1 993199:1 1859556:1 102853:1 1301820:8 538514:1 705666:1 1575378:14 1822977:1 733017:1 1571475:3 2071533:1 124524:2 263969:1 1350201:1 337493:1 1149268:1 1265647:1 1454403:2 1942707:1
260097,157490 955394:1 1472843:1 1215753:1 329919:2 1563185:4 1005352:1 1954434:3 2044897:4 1647082:1 1568423:2 2023169:1 2052168:3 1763276:2 644142:2 93610:1 1558810:3 454309:1 138155:1 1776221:1 1146613:3 933637:1 55490:1 982719:1 1047265:1 1357328:4 1033969:2 2021871:1 552846:3 699349:1 1763253:3 347606:2 1577586:1 1380716:1 882505:1 2058791:1 546501:2 1170150:3 400537:1 1874841:2 413837:1 1710579:1 202983:3 1710690:3 490700:4 37365:2 1738659:1 1554132:1 1433443:1 1849955:1 1550210:1 1561599:1 729693:3 1575378:1 1652119:3 1849612:5 1233379:1 1300989:1 1899246:1 1430089:2 1630337:5 2006602:1 517668:1 80672:3 1611716:3 384690:4 1424104:4 1684822:1 1725872:1 1492782:3
132785,248242,254252,140662,257363,178966,71216,65906,407433,210472 1413638:1 457097:2 436001:1 1437334:1 1441481:1 1559256:1 807100:1 1182559:1 1593331:1 1556837:1 1412216:1 78325:1 996656:1 450618:1 1745826:1 1634761:1 1210088:1 1824880:1 1895932:1 940790:6 1540893:1 1022560:1 1763253:1 1440271:1 879590:1 1963055:1 1900165:1 1157596:1 774846:1 693561:1 1924309:2 1965036:1 227881:1 2050118:1 209269:1 265934:1 1662756:1 608531:1 597756:1 1796830:1 782744:1 364060:1 1136550:1 1096714:1 49434:1 192293:2 1501923:1 1269583:3 548281:1 269305:1 352934:1 173875:1 1424104:2 1966187:1 384549:1 1222111:1 1987554:1
58861,115030,241870,119270,388771 754086:1 352265:1 1294072:1 436001:1 1649503:1 1409205:1 1492274:1 1647082:1 1623364:1 640150:1 1768129:1 946498:1 1409541:1 1934225:1 411806:1 512054:3 1632763:1 866598:1 464499:1 1525221:1 603084:1 1274262:2 183727:1 1040141:3 1251590:1 132444:2 221669:1 775329:3 435876:1 1636747:1 624094:1 274747:1 189600:1 249838:1 1116934:2 816802:1 1913055:1 53706:1 1218889:1 585861:1 862017:1 1129787:1 1363777:1 1355092:5 639856:1 1725628:3 1959409:1 1827126:1 1688417:1 1679774:2 498182:1 899753:1 1301820:1 1160253:1 1058628:1 1878870:1 522034:1 1857147:1 600647:1 501327:1 424701:1 1001798:1 78034:1 39740:1 517668:1 1779069:3 919319:1 1274285:1 45357:1 545532:4 955673:1 844555:1 1335763:1 1841588:1 1505856:1 1953093:1
367024,387383,362110,362620,261816,261512 1173060:1 533459:1 1472843:1 997170:1 235535:1 784836:1 1693420:1 1435045:1 1397872:1 1012717:2 518736:1 507796:1 1205342:1 1609223:1 757361:1 1779478:1 1811701:1 2023678:1 1009564:1 792648:1 1428124:9 823758:2 1330502:1 1657857:1 1324823:1 1108720:1 421654:1 2034778:2 1257203:1 1022560:1 243988:1 660115:2 850132:1 1087064:1 1872050:1 1022100:1 1007622:1 477325:1 2049103:2 1457483:1 1318989:1 367780:1 495804:1 197989:1 1301820:1 1078694:1 75013:1 766972:1 1879355:1 1550210:1 2063182:1 936714:1 719858:3 1233846:1 1831621:1 510964:1 16286:1 1775769:1 1055151:1 424701:1 297705:1 1784171:1 986967:1 1893219:2 854606:1 1646749:1 1521410:1 760008:1 559870:1 545532:1 955673:1 1943852:2 72275:1 436001:1 1576103:1 175841:1 1172344:1 1193766:1 345291:1 1630225:1 1916193:1 1701660:7 138155:1 366312:2 1416733:1 2016206:1 881114:1 655208:1 1055696:1 671699:1 503061:1 1572291:1 2039172:1 490039:1 633313:1 1601441:1 520994:1 1035426:4 568626:1 1157596:1 244958:1 634175:1 104338:1 1943916:1 553564:1 1486030:1 844281:1 241006:1 1414023:1 608531:2 1117370:2 1109214:1 1822977:1 573758:1 550210:2 1646325:1 934687:2 548779:1 1618727:1
367024,105721,343612 1680505:1 1877302:1 2002144:1 1355140:1 5995:2 1647082:1 1263370:1 1572296:1 1449956:1 954133:1 5173:1 1267431:1
328597 1901633:1 1576103:1 294734:1 50916:1 1429143:1 77076:2 862040:1 1012717:1 1881976:1 1930330:1 192868:1 1225862:1 1602805:1 249798:2 1385001:2 1967133:1 1648546:1 1146613:1 2023678:1 1032457:1 1055696:2 1739567:1 91985:2 1438844:1 1432746:1 1257203:1 1507729:1 572336:2 1801458:1 1746719:1 1157596:1 687383:1 1164947:1 1659671:1 756818:2 1008168:1 1205977:5 1799413:1 2002269:1 929158:1 689466:2 856627:1 1679105:1 2041121:1 898766:1 1101820:2 500004:1 363970:2 1321303:1 1795908:1 1838725:1 1530845:2 1424104:3 1618727:1 980764:1 26884:1 371027:1 1689064:1
253857,125531,53505,228467,235071 955394:1 2033248:1 1812260:2 1568238:2 1449956:3 1763276:2 869568:1 1012717:2 87161:1 1484405:1 618020:2 959786:1 1375387:1 461672:1 652007:1 1657857:1 1210088:1 421654:1 655165:1 1198968:1 2021871:1 2046183:1 400579:4 886763:1 3728:1 1511784:1 236566:2 313154:1 460447:1 1087064:1 1710186:1 1142262:1 1047611:1 1644247:1 383458:3 497332:1 2025637:1 1585461:1 1100958:1 960295:1 1550210:1 1508006:1 294394:2 1231497:1 1598001:1 1575378:1 1831621:1 1233379:1 413434:1 2055911:2 1452998:1 1127149:1 772488:3 1058557:1 1032721:1 155055:1 760008:2 273243:1 955673:2 1013409:1 848746:1 1465056:1 841487:1 1355465:3 2046814:1 1942846:1 1188488:1 914077:2 861418:1 807100:1 573061:3 1188176:1 1546200:1 976242:1 1601614:2 699476:1 1415790:2 986976:1 1291084:1 352804:1 161532:1 993989:1 1082536:2 620857:1 1303289:1 1399762:1 565824:1 280686:1 1727925:1 1040038:1 1213095:1 1372909:1 693561:1 1155347:5 937371:1 1432614:1 497262:1 1606264:10 1433443:1 1222195:3 1504744:1 801634:1 742825:1 1078156:1 253477:1 1972926:1 364060:2 522034:1 245929:1 149599:3 234769:1 750618:1 2039829:1 1230009:1 991207:1 589817:1 1275127:1 1963389:2 1428272:1 1911859:1 1424104:1 43432:1 645802:1 160318:1 372690:1
103734,428522 2015694:1 650288:1 14403:2 1406434:2 225843:1 1284402:1 77076:2 489019:1 1186564:1 357567:1 1505594:1 1012717:2 1951989:1 1545604:1 1432457:1 1648546:2 1152861:1 1382867:1 513820:1 792648:2 823758:2 2068520:4 91985:1 263576:1 504205:1 1108720:1 1053555:1 421654:2 814457:1 129085:1 1733491:1 451548:1 1765855:1 1330102:1 2039172:1 578433:1 1092522:1 1522915:1 1334360:1 1022100:5 1269475:1 343843:2 1970588:1 1875794:1 628701:1 639856:1 1401714:1 1725628:1 1601155:1 840280:5 1959409:2 1847871:3 1054595:1 1176763:1 1117370:1 102853:1 1058628:1 1491493:1 40009:1 612132:1 1972926:1 1231497:2 1289264:1 1437262:1 764557:1 1056855:1 1310785:1 293440:1 563647:1 1575378:1 1831621:1 1221489:1 1248932:1 1775769:1 424701:1 1665555:1 664157:1 1016415:1 548281:1 548779:2 1228816:2 903090:1 1080061:1 106021:2 816319:1 1909745:3 2021576:1 444833:4 82732:1
280031,116043,131862,190184 1013370:1 997170:1 694355:1 971879:1 360170:1 650288:2 1412158:1 14403:1 1708645:1 686577:1 1498844:1 1647082:4 361686:1 77076:2 1186564:1 1771588:2 923484:1 1549936:1 1468994:2 1076635:1 1614670:1 1700212:1 323563:2 836420:1 432317:1 739346:1 1558123:1 1757877:1 1648546:1 1271352:2 823758:2 1304224:1 1657857:1 1252552:1 536393:1 772600:2 2076668:1 955962:1 1869470:1 1971834:1 1330102:1 572336:1 1334360:1 1354403:2 1035426:1 624483:1 1875794:1 639856:1 1943916:1 840280:1 665809:1 1959409:2 1486030:2 1847871:14 1183256:1 367780:1 1710579:1 1176763:1 1117370:2 102853:1 1972926:1 1289264:1 1406397:1 563647:2 467181:8 293440:1 1233379:1 662293:3 1062260:1 893311:1 424701:1 1055151:1 664157:1 144787:1 1779069:1 807294:1 892674:1 1303404:1 43432:1 2018931:1 1909745:1 545532:2 2021576:1 444833:2
119558,305200,159586,35054,252963,369738,336215,252779,121695 997170:2 1988219:1 1884231:1 1958361:1 547710:1 1314349:1 688501:1 104369:1 1951989:6 897153:1 1690566:2 528269:1 1181626:1 1858995:3 593754:1 1630862:1 1638333:2 179501:1 1657857:2 655165:3 1643138:1 1226538:2 2021871:1 513790:1 1085994:1 1929589:1 50292:1 1794479:1 572336:1 778282:1 1530261:1 701730:1 1808174:1 1806257:1 1463100:1 1841227:1 1827126:1 800962:1 1058628:1 1120963:2 2063182:1 1196708:1 1133742:1 2023803:2 1622966:1 1702584:1 932610:3 491361:1 1567210:1 1831621:1 1083954:1 1432799:1 238341:1 2076509:6 474135:1 39740:1 1735397:1 749594:4 1681384:1 939314:1 1868641:1 62150:1 173875:1 421518:2 1229341:1 1895853:2 760008:1 1499602:1 1942707:1 1825079:1 588378:1 1442272:1 2015694:1 364352:1 781:9 14403:4 1649503:1 729936:1 411927:2 1659248:13 1409157:1 1150875:1 435388:3 1381093:1 454309:1 1183548:1 1531747:1 1307505:1 1406764:1 1267935:5 542361:1 797180:2 1913678:2 606320:1 2016206:1 1032457:1 1055696:18 35484:1 1047265:1 856508:1 516786:1 1976540:4 30143:1 1330102:1 637040:1 624094:1 522220:1 751332:2 1366284:2 374262:1 415403:1 1035426:2 244958:1 91729:1 1688548:1 791288:1 1601155:2 202845:7 864733:4 747051:2 497262:1 915648:3 1363799:1 1504744:2 585193:1 782744:4 402334:2 649863:3 659013:1 364060:2 1692962:1 482065:2 1320478:2 709509:1 81211:1 1863140:2 1822977:5 624:3 1094513:1 1188816:1 19692:1 1472093:1 2047921:1 1156588:1 1879092:2 1009199:1 1020003:1 1625407:1 614785:1 1303404:1 1574711:1 2070888:1 1618727:1 452910:1 1896769:1
127727,56259,309043,409399,222413 1173060:1 1472843:1 89607:3 1406434:2 117096:1 25642:2 2041388:1 784077:1 1568238:1 1163342:1 1951989:1 1757955:1 323563:3 2054969:1 1581631:1 1370322:1 260505:1 1152861:1 1034694:1 1665750:1 368083:1 655165:1 1058992:1 1018630:1 1269103:2 1303518:1 726146:1 1568627:1 236566:1 948945:4 334710:1 309748:1 1225319:1 1598171:1 609383:1 1661851:1 1152544:2 331158:1 490700:1 1193610:1 150446:1 689466:1 1943017:1 1058628:1 1129241:1 161915:2 168946:1 491398:1 961481:1 855276:2 624:2 2004565:1 1211852:2 1988316:1 1605956:1 1224955:1 1321825:1 58349:1 377219:1 106021:1 760008:2 1084028:1 645199:1 1641426:1 444833:1 1858857:1
289455,218832,53627,418391,127210,352946,253607,340102,43544,35059,341023,156526,202874 736945:1 1637693:1 1884231:1 1332700:1 1708645:1 84096:1 1815678:1 836604:1 939005:1 1856587:3 1505594:2 644142:1 796307:1 1184547:1 507796:1 141950:1 1848879:1 1291084:1 1602805:1 959786:1 366312:1 168743:1 868581:1 2023678:1 637982:1 2050081:1 1908842:1 156691:1 1657857:2 91985:1 1047265:1 856508:1 1438844:1 1257203:1 1704452:1 1749787:1 1354403:1 612283:1 551424:1 938112:1 1889251:1 545832:1 244958:1 1172388:1 199197:1 430200:1 1680122:1 331158:1 915246:4 481346:1 827327:1 470271:1 1008636:1 1012853:1 2041499:1 38294:1 498985:1 37365:1 976142:1 1662756:1 1363799:1 979693:1 1394528:1 795438:1 641274:2 585193:1 1469361:1 1796830:1 1096714:1 1021575:1 1434672:1 595133:1 2012805:2 1937713:1 1226035:1 1432799:1 1496853:1 1988316:1 1079226:1 517668:1 1136931:3 1496676:1 2185:1 818915:1 1745825:1 444833:2 1375448:1 918015:1 1725872:2 144332:1 858085:1
313092 1631375:1 1988219:1 1150991:1 1387104:1 1958361:1 117096:1 836227:1 531033:1 1568423:1 1652575:1 1418207:1 1012717:1 598861:1 1951989:7 192868:1 1690566:2 1521478:1 1146613:1 1206332:1 965289:1 1638333:1 1760742:1 54597:1 664857:1 1853062:1 1673413:1 8032:1 513790:1 927293:1 2056693:1 1682159:1 509599:1 1465129:1 1543163:1 236566:3 1887558:5 827285:1 1487542:2 1416770:1 666895:1 1133027:1 1900671:1 1971677:1 1794950:1 1841227:1 304140:1 1842323:1 1963829:3 1827126:2 265934:1 1012853:2 88088:1 800962:1 1931073:1 206155:1 1640116:1 163530:1 545041:2 1661467:1 1019574:1 1236151:1 1567210:1 737818:1 1797999:1 474135:1 47186:1 1605956:1 1159039:1 173875:2 1321825:2 1966187:1 760008:1 821458:2 663810:2 287103:1 697818:1 1215753:1 89607:3 436001:1 2015694:3 1942846:1 1648982:1 1411784:1 1233959:1 1623364:2 1582226:3 302205:1 847395:3 716980:1 699476:1 1381093:1 1056521:1 1744427:1 1016025:1 1064377:1 539313:1 1055696:1 1394165:1 1580313:1 1357328:1 15924:1 1976540:6 85344:1 1018630:3 1171328:1 1364828:1 1568627:1 761660:1 1187735:1 624094:1 274747:1 1507729:1 585587:1 1366284:1 1973757:1 1151793:1 477082:2 1226636:1 1513431:1 1251823:1 1797398:1 1601155:4 120930:1 1766389:1 1054595:2 331158:1 996436:2 290030:1 1435596:1 1193610:1 608531:1 1943017:1 102853:1 1893137:1 1504744:1 649863:1 168946:1 491398:4 364060:1 1247614:1 203048:1 81211:1 624:3 898766:2 875554:1 1211852:2 2058554:1 527813:1 1496604:1 548281:2 884863:1 17471:1 1057284:2 649630:1 645998:1 1424104:1 106021:1 266393:1 452910:1 290173:1 1330687:5 1099339:1 148569:1
99134,44535 89607:1 1958206:1 1948802:1
425359,35666 1857959:1 1015590:2 228962:2 1087979:4 1464375:1 836227:1 612430:1 115234:2 123278:1 1841105:1 1683055:1 1710246:1 782613:1 657583:1 1874634:1 1948802:1 548112:1 498590:1 1508620:1 1963055:1 1885574:2 1342638:2 343625:1 1958206:1 1875794:4 1841227:1 1847293:1 7395:3 840280:1 1927859:1 1842323:2 37588:1 1662756:3 1405316:5 1160253:1 1129241:1 1196708:1 545041:1 314203:1 1661467:1 1575378:2 191055:1 1482872:1 607065:1 151741:1 533164:1 1829046:1 337493:1 51134:6 1380117:1 1390251:4 1499602:1 1617223:3 89607:1 1639457:1 1649503:2 1795415:1 1297263:1 438313:1 953291:1 28832:1 1694496:1 194054:1 1601614:2 67263:1 1520683:2 744860:1 1632763:1 1678172:1 1056521:1 466304:1 1069248:2 642925:1 1364828:2 504172:1 846847:1 274747:1 349984:1 1339983:1 1936030:1 102768:1 1843967:1 199197:1 656408:1 157425:1 1021593:2 1183480:1 709175:1 255560:2 1062588:1 1435596:2 505501:1 1161733:1 1805986:2 962116:1 1328575:1 1822977:2 1101820:1 1731909:1 1192633:1 453755:1 207519:1 130165:2 548779:1 892674:1 1413755:1 1530845:2 58349:1 1492523:3 1330687:1
412646,252947,26436,195965,175775,283757,274918,219511,248535 89607:5 14403:1 1335183:1 1307505:1 1056521:2 528269:1 1587718:1 1416733:1 1779478:1 182318:1 1797547:2 1917455:1 823758:2 183727:1 614815:1 85344:1 119780:2 655165:1 1269103:1 1303518:1 1364828:4 358885:1 1749787:1 673548:1 731613:2 1530261:1 948945:1 1226636:1 70064:1 774846:1 1463100:1 1401344:1 840280:1 1021593:3 1847871:1 709175:1 1623563:1 367780:1 1203914:1 1117370:2 961481:2 1851194:1 467181:1 1922907:1 581573:1 624:1 409908:1 2006777:1 1101820:1 656490:1 1703413:1 1211852:1 1879092:1 772488:1 548779:1 1645885:1 4288:1 1321825:2 1424104:1 1909745:1 545532:2 198454:1 444833:1
78242,368641 1648951:1 1155347:1 477325:1 436001:1 48831:1 25642:1 980425:1 1505594:2 195407:1 1949317:3 484587:1 1648873:1 1431048:1 1161171:1 1027324:1 578672:1 940790:1 1941162:1 1019425:1 1582135:1 624094:1 1658524:1 1838725:1 1087064:1 871718:1 1492782:1
306092,10250 1173060:2 233102:1 228962:1 1958361:1 1406434:1 547710:1 1973452:1 1314349:1 25642:1 104369:2 1568238:1 666221:1 1771588:1 1418207:1 561960:1 1951989:2 1581631:2 1521478:1 823758:1 1274262:2 664857:3 1836643:1 661220:1 173916:1 901351:1 1874841:1 304140:1 1853416:1 2025637:1 1390459:1 1960509:1 1934524:1 686665:1 1332006:1 663162:1 530672:2 1661467:1 1231497:2 458277:1 656490:1 119647:1 373264:1 1321825:4 694412:1 821458:1 545532:1 1891434:1 1215753:1 89607:7 1439741:1 554613:1 833285:1 1520683:2 1056521:1 1055696:1 1762704:1 1364527:1 1343292:3 1040127:1 85344:2 1075570:2 280686:2 451548:2 558918:1 1303518:1 1330102:1 1364828:2 624094:1 216575:1 1155347:1 1754989:1 521422:1 108454:1 477966:1 1501936:1 1725628:1 1021593:2 1152544:1 331158:1 1402995:1 782744:1 1831931:1 1161733:1 961481:1 660309:2 245929:1 1822977:1 192293:1 592526:1 1879092:1 1779069:1 744742:1 2065535:1 996457:1 58349:2 985077:1 603531:1
188582,222163,74962,437880,419967,50104,222742,127241,416001,166232,200485,367248 538188:1 1087979:2 1288672:1 897153:1 507796:1 1520683:1 959786:1 138155:1 1055696:2 2004441:1 1673413:3 655165:1 1749787:1 1440271:1 1794479:2 886104:1 1887558:1 2043858:1 1431535:1 551424:1 949705:1 415403:1 943593:1 919891:1 1779758:1 202845:3 94588:2 110218:2 1062588:1 782744:1 1876278:2 681250:1 1822977:1 624:6 1577409:1 1233379:1 1434771:1 1041885:2 1447132:1 1864180:1 1211852:2 107251:1 1127149:1 151741:1 1303404:1 1413755:1 1925178:3 1611236:1 645199:1 275302:1 1894734:1 1095559:2
415743,273717 483474:5 1610342:1 436001:1 650288:1 364352:1 898599:4 117096:1 1844076:1 1459060:7 77076:1 1437336:3 376656:1 1406764:1 1227978:1 1120898:1 1648546:1 2038615:1 464499:2 616945:1 792648:1 1324823:1 1591074:1 1532980:1 1210088:1 340984:1 664857:1 719029:1 1976540:1 1948802:1 1465614:1 674737:1 1020946:1 175240:1 1431535:1 70064:1 675885:1 108454:1 472660:1 1586486:2 1209658:1 227881:1 759425:1 1847871:1 1813795:1 1486030:1 929735:1 1235948:1 1291443:1 334834:1 1702736:1 951474:1 1246596:1 371150:1 764557:1 1575378:1 1782936:1 915012:1 925761:1 1370520:1 683763:2 77395:1 1412489:1 1179871:1 57027:1 570238:1 517668:1 903090:1 43432:1 53106:1 1105836:1 128367:2 1004475:1 542365:1 914336:1 1942707:1
267985,150369,221894,158656,263834,96847,188519,148754,365375,26219,275642,27512,180445,356969,26693,164177,397054,66768,175112,301640,240873,315966,189283,283626,169114,96903,5491,204230,135751,87545,341921,191083,370368,398830,22947,163113,385595,445413,412172,249568,283588,133630,170785,93267,132786,340102,412263,162783,48198,341717,12803,81936,310625,156029,411202,180640,218832,122434,370058,342116,259486,86401,419759,41853,317914,42655,420740,219747 1820780:1 299837:1 1054253:1 890223:1 847411:1 1612924:1 796307:1 1184547:1 1257837:1 432065:1 897153:1 813646:1 653167:1 725942:1 307508:1 959786:1 791238:1 2082566:1 982719:1 620817:1 1657857:1 1274262:1 1108720:1 1673413:1 1954031:1 809642:1 1257203:1 1085994:1 1640593:1 1440271:1 1490268:2 1794479:1 1508620:1 829945:1 1622180:2 126911:1 368726:1 429246:1 198108:1 383444:1 1662756:1 260095:1 1796830:1 908245:1 1702584:1 970983:1 1567210:1 201644:1 600286:1 1204000:1 474135:1 328215:1 1045285:1 1692889:1 1094021:1 1013370:1 2046814:2 655898:1 71908:1 195760:1 1188176:2 1856587:2 1551580:1 1531747:2 797180:1 1110756:1 958298:1 513820:1 91985:4 1703941:1 328156:1 529428:1 846847:1 914197:1 612283:1 551424:1 1889251:4 1397861:1 1124870:4 793317:1 1246969:2 1118549:1 1199934:1 255664:1 1838998:1 331158:1 1027933:1 413837:1 911076:1 1705158:1 498985:1 690447:1 491398:1 538514:1 634374:1 245929:1 595133:1 898766:1 2004835:1 1383251:1 1084028:1 518442:1
421113,47715,78289,445658,282849,46539,417409 1491382:2 565592:1 655898:1 1647082:3 225843:1 77076:4 1873155:2 1687280:3 1382501:1 551690:1 1257144:5 138155:2 786456:2 849174:4 2023678:1 55490:1 1293102:3 1419843:2 513820:3 179501:1 1022855:7 1657857:1 1041126:1 1326678:1 421654:2 1670980:1 1117295:2 152831:1 1470647:1 850280:1 529428:1 660115:2 1915264:1 1996029:1 572336:4 629784:1 1462924:2 97802:1 1783350:1 1185309:1 1988187:2 1668225:1 1971700:1 1797398:2 8625:1 818218:1 985823:1 367780:1 691120:1 1877633:1 1611660:3 1662756:1 433236:1 1710898:1 720397:1 1017062:1 184594:1 311229:1 201644:1 1082962:1 1233379:1 1775769:1 1325001:1 1960905:1 387889:1 173442:1 857484:6 824323:1 854515:2 1303404:1 842680:1 56918:1 1013409:2 1987554:1 493658:2 1074553:1
423295,245495 733637:2 521422:1 1506906:1 1827126:1 1275264:1 1679774:1 1188176:2 1371782:1 1057619:1 1722135:1 1736584:1 1137477:3 1757877:1 1702584:2 1039868:1 1565430:1 563559:1 662934:1 119647:1 793543:1 1274262:1 797156:1 1313723:3 1565303:1 517668:1 1077191:1 660115:1 1151929:2 274747:2 1783935:1 2034880:1 515946:1 1890226:1 754302:1 1264893:1 1510227:1 1048786:1 1492782:1
366990,320222,145461,156227,338372,156490,316677 1215753:1 505200:1 989689:1 650288:4 1406434:1 836227:2 1314349:1 909661:1 1012717:1 1442489:1 216730:1 959786:1 836420:1 849174:1 1130499:1 535351:1 2063396:1 1893206:1 1797547:1 451878:1 1493227:1 823758:2 1711506:2 1540056:1 614815:1 1252552:1 1343292:1 786444:1 2080516:1 671699:1 1257203:1 152406:1 1971834:1 1364828:2 936515:1 1440271:1 533046:1 1814910:1 1465129:1 1802357:1 368496:1 567921:1 1087064:1 829945:1 458422:1 1033754:5 492164:1 1958206:1 1155347:1 108454:1 1668225:1 1841227:1 1725628:1 198108:1 1806640:2 348667:1 367780:1 1176763:3 689466:1 102853:1 782744:2 168946:1 538514:1 1851194:1 1661467:1 1021957:1 1236151:1 1822977:1 1744259:1 57289:1 2009872:2 1370520:1 1576704:1 9153:1 1466856:2 2071915:1 352934:1 1321825:4 828460:1 1229341:1 1118381:1 821458:1 980764:1 1834351:1 1909745:1 1167986:1 1956883:2 444833:1
60171,277411,281795 299837:1 609556:1 1647082:2 282304:1 886768:1 1652575:1 1887904:1 1549936:1 6216:1 1012717:1 598861:1 959786:1 1598750:1 1016010:1 1797547:1 823758:3 792648:1 1665750:1 1326678:1 1836643:1 1673413:1 1688665:1 1257203:1 554009:1 1643380:1 1349513:5 2021871:2 876560:1 1062119:1 1922087:1 1508620:1 948945:2 458422:1 1915238:2 343843:2 1490170:1 912765:1 1141130:2 1958206:1 508639:1 1668225:1 1916315:1 840280:1 333812:1 1959409:1 1827126:1 1661851:1 1346784:1 550378:1 1806640:1 646383:1 367780:1 1461119:1 1662756:1 1738659:1 604859:1 1931073:1 1367491:4 161915:1 341816:1 1828283:1 779442:2 871383:1 1370520:1 1172092:8 1248932:1 304690:1 1491559:1 225048:3 103997:2 1335728:1 125554:1 628049:1 1610594:1 429067:1 559870:1 561511:1 1956883:2 898762:1 302205:1 1630225:1 1966593:2 411806:1 1307505:2 1129361:2 1506163:1 1055696:2 1745826:1 671699:1 1173509:3 1330102:1 1704452:1 1378480:1 624094:1 578433:1 846847:1 1287792:1 1345936:1 629784:1 998001:1 551424:1 1226636:8 1269475:1 1681887:2 1401714:1 1835261:1 1390999:1 664862:1 1435596:1 1117370:1 1193610:2 150446:1 102853:1 2008278:1 1496361:1 729693:1 293614:1 493531:1 1041885:1 18561:2 2023960:1 355848:1 4288:1 663102:1 2070888:1 1530845:2 106021:3 1909745:1
400003,420464,398646,398351,146475 1379957:1 2064841:4 233102:1 1121578:1 1015590:5 364352:1 1612924:1 77076:1 1155905:2 825464:6 606099:1 1150982:1 1388901:1 1272376:1 1820359:1 192868:1 188842:1 1731205:1 1105540:1 1526:1 304341:1 1641009:1 197757:1 1226387:2 958298:1 238523:8 91985:1 421654:1 1432746:1 1673413:1 1643138:1 659413:2 490039:1 402575:3 660115:1 274747:1 436158:1 2033365:1 2006890:1 179979:1 2010057:1 2020896:1 244958:1 1155347:1 413030:1 240677:1 2002269:1 342764:1 734433:2 1710579:1 1405316:1 1228479:1 875146:1 1956247:1 1768532:1 864817:1 1972926:1 538514:2 545041:1 738379:1 458277:1 1575378:1 1831621:1 158733:1 1760679:1 592526:1 1880294:1 1540939:2 453755:1 1127149:1 97932:1 1180171:1 39740:1 904056:1 984717:1 1859439:3 85587:1 903090:1 2034880:1 648180:1 1618727:1 1424104:1 1287114:1 1611236:1 1090357:1 444833:1 921223:2 1479112:4 1074553:1 1492782:2
150494,209665,204567,223768,193976,441828,245816,80827 736945:1 1355465:1 1229531:1 436001:1 364352:1 1563185:2 1331568:1 1612924:1 77076:4 1763276:1 1920156:1 1505594:3 302205:1 1920506:1 1545568:1 1757226:1 275618:1 87161:1 993721:1 1057571:1 464499:1 1523706:1 1055696:1 1976625:2 1638333:2 1540056:1 1274262:1 91985:1 417596:1 1432746:1 1926827:1 176432:1 1643138:1 1869470:1 1936077:2 24630:1 660115:1 846847:1 572336:1 236566:1 59473:1 1257570:1 1326402:1 497332:1 816891:1 665809:1 764453:1 1037925:1 372919:6 1910485:1 1662756:1 1288684:1 1630093:1 1550210:1 491398:1 1508006:1 1972926:1 669826:1 942048:1 743881:2 1661467:2 1231497:1 1233846:2 1822977:1 1875749:1 1341351:1 1831621:1 1418113:4 1370520:1 2055911:1 1472093:1 1775769:1 474135:2 78034:1 9153:1 44551:2 1099579:2 1605956:1 1625924:1 339959:1 992733:1 1057284:1 506862:1 1424104:1 1646749:1 1352155:17 955673:1 444833:2 1987554:1 1725872:1 337790:1
287551,89351,246499 352265:1 471303:1 622676:1 650288:1 890223:1 25642:1 688724:1 1686550:1 1449863:1 2018791:1 880985:1 599311:1 386003:6 1521478:1 464499:1 2023678:1 360320:3 179501:1 792648:1 1541526:2 1108720:1 421654:1 1673413:1 791421:1 36261:4 572336:1 1913055:1 1328198:1 303253:1 1422168:1 766526:2 1530261:2 1676988:1 545832:2 1761344:2 744360:5 1895231:1 304140:1 843588:1 1959409:1 1292631:1 1118902:1 12473:1 27692:1 1749504:1 545041:2 302802:1 388259:1 757736:1 1575378:1 806916:1 300961:1 78034:1 1127149:1 1853539:1 1195592:2 1930868:5 1692889:1 447960:1 1090903:1 696858:2 1013409:1 105959:4 918051:1 588378:2 1372985:1 500040:1 889229:3 436001:1 898599:1 1836049:1 390319:1 158677:3 1930330:1 1372713:1 1071880:2 352137:1 616933:1 977930:1 1923454:1 304790:2 723949:1 986689:1 2068520:2 1357328:1 445390:1 1508290:2 678002:1 983946:4 490039:1 544232:1 1290268:1 1802822:1 1397861:1 511867:1 1185309:1 1155347:1 1722086:1 1831730:1 400537:1 1943916:1 59659:1 1847871:1 334488:3 1838232:1 1972926:1 364060:1 522034:3 738379:1 703810:1 1822977:1 1362237:1 450544:1 1478403:1 256670:1 570238:1 517668:1 203583:3 1424104:1 985077:1 1510227:1 305143:1 1261330:1 49915:1
378207,42391,354950 225836:1 1332700:1 228962:1 1412158:1 653167:1 1067513:1 1609223:3 1375387:1 903622:1 1648873:1 1521478:1 391714:1 322474:1 774119:1 572742:1 1419843:2 1735504:1 1657857:1 1746919:2 1210088:1 421654:1 814457:1 1673413:2 1733491:1 655165:1 1022560:1 1582135:1 660115:1 572336:1 100758:1 829945:1 666895:1 1082402:1 116317:1 987170:1 756818:2 1847293:1 1026584:1 239364:1 1860719:1 365679:2 1134680:1 1662756:1 1713410:1 1301820:1 1632648:1 1257195:2 129590:1 1231497:1 1019212:1 1082962:1 1937713:2 364999:1 300961:1 1775769:2 1618962:1 1127149:2 1051450:1 903090:1 1151929:1 515706:2 648180:3 1535934:1 871826:2 1149268:1 1797279:1 49164:3 818915:1 102467:2 144332:2 977746:4 914336:1 1479112:14 1492782:1 586996:1 736945:2 1215753:1 851005:3 1124036:1 50673:1 293997:1 1942846:1 655898:1 302313:1 34967:1 686577:1 1303514:1 77076:1 1505594:7 1797280:1 1150982:1 1930330:1 699476:1 1972556:1 1632763:4 1406764:2 1416733:2 495021:1 1678278:1 1421654:1 953322:1 513820:1 241682:1 1357328:1 1104203:1 940790:1 1809076:1 100695:1 263093:1 1113411:1 1290113:1 1185309:1 1124870:1 1225319:1 624483:1 774846:1 1155347:2 1199934:1 2002269:2 1009046:1 331158:1 916276:1 481346:2 1504744:1 1469361:4 742825:1 98667:2 364060:1 660309:1 1954880:1 778108:1 703810:1 1101820:1 592526:2 138309:1 2034568:1 884863:1 992733:1 1963389:2 1303404:1 1299589:1 1287114:1 272972:1 1974515:1
309587 624483:1 1297933:1 898766:1 897153:1 1638333:2 436001:1 1170150:1 2070888:1 1274262:1 2033365:1 76831:1 65007:1
348785,387383,256764,362427,220810,269172 1215753:3 1412158:1 568900:1 1180213:1 1013411:1 847411:1 2023169:2 1790425:2 1657726:1 1169928:1 1232127:1 2018295:1 959786:1 1648873:1 391714:2 879524:1 655208:1 160060:1 488832:2 1045407:1 1055696:4 513820:1 1657857:1 1274262:1 547770:1 745789:1 1257203:1 1733491:3 1073805:1 2021871:1 927293:1 1085994:3 50292:1 1139341:1 739728:1 1401402:1 2010057:1 1832282:1 1340926:1 1369984:3 1057127:2 1018778:1 1439725:1 1794993:1 1573736:1 953440:1 2025637:1 1631719:1 1662756:1 1504744:1 40009:1 426110:2 362345:1 1930703:1 482065:1 1233846:2 106760:1 1843700:1 1293808:1 485836:1 165597:1 1576704:1 387125:1 39740:1 654168:1 357789:3 614785:1 198987:1 1815127:2 2067857:1 1907262:1 533939:1 207856:1 386130:5 337790:1
167193 624483:1 1484841:1 2026735:1 1412158:1 236695:2 985823:1 383023:1 734433:2 1662756:1 608531:1 1972556:1 1082715:1 661501:2 757736:1 1660333:3 1324823:1 1031640:1 360842:2 1948802:1 36261:1 1852272:1 1119283:1 203583:1 78684:2 279353:2 1341966:1 760008:1 1508620:1 1530261:3 179979:1 1090903:1 1525348:1 1090357:1 207856:1 681835:1 2020938:1
412566,167193 744528:1 1173060:1 1943852:1 1048201:1 890357:3 835515:1 70858:1 1662717:1 1698050:1 937921:1 2044897:1 1319642:1 1554231:1 1801889:2 1934225:2 1580636:14 1644482:2 87161:1 1447093:1 435346:1 1013175:1 1007992:1 661501:5 1146613:1 464499:1 762032:1 28316:1 2068898:1 1125107:1 1665750:2 947992:1 1556878:1 407028:1 1853062:1 1486643:8 1206517:1 1763253:3 572336:1 585587:1 374262:1 1543828:7 445424:1 201943:1 1765024:1 1448301:1 1082402:1 1318142:1 143176:2 398441:1 1364819:1 1900394:1 2035787:1 1860719:1 481346:1 1747118:1 899753:1 1917824:1 1226796:1 1662756:2 1738659:1 656409:1 198438:1 1550210:1 1624620:2 522034:1 858272:1 738379:1 246445:1 871383:1 491361:1 1966539:1 1391559:1 24851:1 573758:1 1177691:1 276888:2 868303:1 1673671:1 723074:1 290880:3 1440758:1 1303404:2 279353:2 1424104:2 722500:1 1443583:1 760008:3 955673:3 887001:1 1298809:1 536530:1
101969,2090 1229531:1 1015590:1 1464375:1 1087979:5 1378362:1 1314349:1 1568423:1 1652575:1 661227:1 869568:1 1951989:2 537994:2 1375387:1 1384320:1 1587718:1 324148:1 707014:1 1630862:2 823758:1 1452155:1 792648:1 1274262:2 1693106:1 1098818:1 1432746:2 655165:2 554009:2 1183181:1 1349513:1 348706:1 1733299:2 1971834:1 660115:1 50292:1 1794479:6 1328198:1 1087064:1 1823725:1 1380716:1 1991824:1 535167:2 1929508:2 1626015:1 367780:2 1934524:1 1818401:1 686665:1 1662756:1 1545810:1 1058628:1 567135:1 1129241:1 1796830:2 1671369:1 1773124:1 2023803:1 388259:4 1661467:1 397120:1 2077957:5 932610:1 458277:1 1567210:1 1083954:1 118825:1 304690:10 1988316:1 1127149:1 1893219:2 742798:1 1611716:1 173875:1 384549:2 760008:2 144332:1 1215753:1 360170:2 781:4 14403:2 1649503:1 446147:1 1272376:1 709952:1 1806800:1 1520683:2 744860:2 1307505:1 1227548:2 432317:1 1267935:4 997965:1 1129361:1 63418:1 1861597:2 1055696:3 1926453:1 2068520:4 1580313:3 1357328:1 1703941:1 982465:1 1303289:1 1419456:3 280686:1 1364828:1 614410:1 624094:1 732284:1 751332:2 643441:1 414890:1 629203:1 63065:1 1101364:1 1226636:1 2010057:1 1035426:2 334710:1 814844:1 38939:2 102768:3 1688548:1 1401714:1 1601155:1 1089706:1 2062054:1 747051:2 1844430:1 1968968:1 1176763:1 1117370:2 1622364:1 491398:1 669826:1 522034:1 672242:1 1144933:1 1713687:1 1101498:1 1857147:1 1822977:2 886901:1 624:10 54177:1 1016392:1 1188816:1 664157:1 2044740:1 1779069:1 1625407:2 19251:1 996457:1 805557:1 1413755:1 340515:1 106021:1 452910:1 1335763:1 1264867:1 607163:1
354090,440003 1459804:3 1850631:1 969701:2 2004554:1 1551290:1 1659942:1 1705461:1 1568238:1 1129642:1 77076:1 1763276:2 1040599:1 479255:1 1599630:1 1202541:1 725942:1 1609223:2 454309:1 253076:2 1035510:3 1703941:1 95301:1 1673413:1 1367321:1 8032:2 1440525:1 1851907:1 1733299:1 660115:2 151898:1 1559790:2 1794479:1 1173457:1 1456214:1 460447:1 566826:1 1225319:1 764453:1 42881:1 1719945:1 899753:1 1228479:1 1100958:1 1329762:5 1876278:1 1692962:2 1387305:1 1849612:1 1228744:1 1821300:1 1675976:2 1081661:1 1149268:1 1013409:1 598184:1
78681,267469,303577,261778,55503,408881,75215,317914 1124870:1 1155347:1 1545896:1 1434771:1 890223:1 421580:1 1371513:1 1773860:1 905630:1 1673413:1 1047985:1 1856587:1 2021871:1 343448:1 1551580:1 363335:1 1794479:1 377740:1 359878:1 797180:1
17290,71095 168148:1 1481753:1 1326172:1 1432746:1 78034:3 421654:1 1127149:1 1019137:1 1288672:1 992733:1 1124277:2 490039:1 1662756:2 1545604:1 1696480:1 279353:1 1469716:1 544232:1 1530261:1 1276782:1 105959:3 661501:2
266624,321013,126469,339072,274503,390834,318458,396577,320878,420825,54103,419855,169011,399990 955394:1 301093:1 1229531:2 650288:1 1958361:1 1708645:1 1087979:1 91377:1 836227:1 138380:1 905630:1 1565595:1 225843:1 1568423:2 104369:1 1568238:1 489019:2 1873155:1 1318108:1 96993:1 1469716:1 1396159:1 768504:12 1313087:2 225152:1 1630862:1 1657857:1 1787694:2 1098818:2 457762:1 1519704:1 1874560:1 1673413:1 538285:1 1183181:1 823508:2 1869470:2 2066280:1 1769378:1 1019600:1 1022100:1 852199:2 1164947:1 840280:1 1827126:1 42881:1 2036425:1 1405316:1 1388201:3 1773124:2 388259:2 1231497:6 942963:1 1575378:1 1875749:2 1567210:1 75410:1 1744259:2 1775769:1 1449351:1 1754294:1 1099579:1 1136931:1 173875:1 1692889:1 876072:1 1611236:1 760008:3 704224:1 661536:1 1987554:1 1298809:2 1841460:1 1095476:1 1115706:1 1250536:1 1807203:1 759564:2 1188488:1 67825:4 1856587:1 18452:1 1520683:3 1434519:4 1632763:1 95580:2 366312:1 1047665:1 1129361:1 797180:1 1416733:2 1337441:1 1987940:1 311831:1 1055696:2 881830:1 1544540:1 1983351:1 362495:1 516786:1 328156:1 1601967:1 1295025:1 1073805:3 254458:5 1765855:1 529428:2 1430252:1 739728:1 2078351:3 1354403:6 2010057:1 334710:1 814844:1 453630:1 2033794:1 1513431:1 1105265:1 2015686:1 1900504:1 1009046:1 413837:1 290030:1 844281:1 780026:1 634135:1 1062588:1 786577:1 1504744:1 1630093:1 1973742:1 1561416:1 1838456:1 522034:1 109218:3 634374:1 672242:1 588408:1 1101498:3 81211:2 669216:1 624:2 421184:1 1660044:1 531374:1 1472093:2 1211852:2 1305290:1 2082941:1 1532631:1 570238:1 1780938:1 996457:1 1496676:1 2070888:1 1236230:1 1618727:1 462363:1 1909745:2 444833:2 1671041:2 913553:1
17290,401988 624483:1 1094152:1 665712:1 279353:1 78034:1 661501:1 105959:2 1300614:1
17290,269924 1173060:1 1855416:1 1228450:1 2015694:2 1364819:1 1894777:1 836227:1 686577:1 447237:1 705936:1 1623364:3 462449:1 1226796:1 1662756:2 1545604:1 2029930:1 1167531:1 1783062:1 1609223:1 1885438:2 298953:1 661501:1 1111405:1 1657857:1 1806116:3 1357328:1 589817:1 624563:1 1048315:1 78034:4 1067252:1 790955:1 206353:1 517668:1 1124277:1 279353:1 452910:1 1530261:2 1623010:1 1320495:1 1493048:1 465310:1 1765024:1 105959:2 1761344:1 25960:1
152764,120042 798599:1 1229531:1 1839104:3 1332700:1 1935708:1 2044897:1 1969388:2 1694757:1 2023169:1 1449956:1 1887527:1 1609223:2 1690566:1 1179188:2 1309812:1 935326:1 2023678:1 1186066:1 1274262:2 1673413:5 513790:1 1022560:1 660115:1 436158:6 572336:1 460447:1 1380716:1 1487542:1 2076284:1 1318976:1 1107705:1 764453:1 472393:1 2011669:1 1308533:1 1818401:4 1550210:1 1449091:1 951474:1 530672:2 1667426:1 705666:1 404936:1 1083954:2 1293808:1 119647:1 750317:1 1899246:1 1496853:1 474135:1 1870213:7 78034:1 173875:1 1692889:1 1321825:1 1013409:1 586136:1 1725872:1 598184:1 851005:2 1215753:2 1428563:1 2046814:1 175841:2 82395:8 77076:2 1582226:2 656491:1 1757955:1 1187705:2 1930330:1 1381093:1 1632763:1 701663:1 1591175:2 723949:1 1055696:3 1762704:1 727696:1 513972:2 435589:1 497701:1 699349:1 1075408:1 471369:1 1906500:1 2066021:1 240677:1 836940:1 331158:1 170594:1 715431:1 689466:1 1504744:1 491398:1 1561599:1 1058483:2 1943787:4 1285257:1 1822977:2 898766:3 1359499:1 1425672:2 1345267:1 514127:2 453755:2 1715568:1 2054205:1 526683:1 517668:1 1303404:1 83815:1 341774:1 1677942:4 452910:2 2005285:1 1492523:3 2020938:1
75990,65946,139662,127776 1445308:1 2015694:4 1649503:1 909661:1 77076:1 1985596:1 869977:1 2081099:1 2036425:1 1150087:4 518736:3 1550210:1 951474:1 2063182:1 1317808:1 293440:1 1811701:1 1421654:1 1248932:1 1657857:1 550210:1 1983351:2 45482:2 1784171:1 434406:1 517668:1 1565303:4 983155:1 766526:1 829945:1 1264893:2 493658:1 1858857:1
17290,87457 607719:1 409122:1 1649503:1 836227:1 1874143:2 1118902:1 1286973:1 2906:1 1768129:1 166219:1 314020:1 495279:1 1662756:3 1445073:1 1550210:1 584798:1 1449863:1 551690:1 1975710:1 1086675:1 661501:1 757736:2 464499:1 1575378:1 1362237:1 1836729:2 603084:1 85838:1 584225:1 1204000:1 1274262:1 1210088:1 78034:3 431756:1 78684:1 1684489:1 279353:1 1111572:1 761207:1 1106204:1 955673:1 1013409:1 105959:3 244958:1 1052406:1
436992,29889,269094,374149,221215,44069 366342:2 650288:1 1592163:1 1486030:2 1647082:1 1437336:1 433261:2 375678:2 432317:1 360372:2 1811369:1 1857147:1 1831621:1 1055151:1 550210:1 772338:1 1809076:1 1154760:1 548779:1 517668:1 842680:1 1911442:1 1654114:1 963965:1 853262:1 1013409:1 144332:1 1267431:1 887128:3 1896268:1 148569:1 586996:1
420706,440672,4308,379152,367024,217374,45827 505200:1 1782142:1 352265:7 1332700:1 1282700:1 77076:1 1609223:1 1632763:1 959786:2 1701841:1 625323:1 1661462:1 138155:1 958298:1 1811701:1 1657857:1 183727:1 504205:2 791421:1 1673413:1 1257203:2 790955:2 2021871:1 1413715:1 624094:1 572336:1 1973757:1 778282:1 590466:1 1755545:1 167013:1 244958:3 23264:1 1484335:1 1668225:4 985823:1 1806640:3 634690:1 1989445:3 158733:3 1370520:2 1345267:1 1675976:1 1016415:1 171344:1 807294:1 246440:1 1787761:1 83815:1 43432:1 955673:1 1263370:2 977746:1 1987554:2 598184:1
63219,444135,127936,19598,390846,317914,58429,64218,209537,228092,333275,243864,372279,286264,194652,195696 1535030:1 457097:1 1446478:1 729936:1 890765:1 717575:1 1736882:1 107297:1 1681691:1 1531747:1 1556837:1 1385001:1 1226387:1 539313:1 1421654:1 1958293:1 1634761:1 421654:1 336403:1 1251590:1 940790:3 253234:1 1941758:1 1440271:1 1794479:1 1151793:1 1866202:1 297810:1 1900165:2 874125:1 368726:1 1779758:1 207596:1 774846:1 1997990:1 1501936:1 94308:1 1943916:1 227881:1 2025637:1 94588:2 10689:4 500021:1 1469361:1 659013:1 712841:1 1332689:1 672242:1 359878:1 2077957:1 1822977:1 1001523:1 1863140:1 409908:1 1230009:1 777850:1 1630598:1 1306230:1 1240145:1 1434771:1 304690:2 1310104:1 1127149:1 1499085:1 910596:1 1135576:1 83815:1 160318:1 1263370:1 223635:1 1222111:3 1987554:1
238236,77544,38035,413873,41690,218351,410247,219015,402400,213850,286323,88388,17132,275447,278364,386977,202193,54273,342145,287367,143817,305333,273551,392220,422149,412365 1491382:1 1173060:1 323142:1 1229531:1 1332700:1 228962:1 836227:2 225843:1 489019:2 1012717:1 445489:1 1951989:1 1110935:1 1648873:1 849174:4 1369112:3 1274262:1 1108720:1 421654:1 1853062:1 2046183:1 1971834:3 1582135:1 1705262:1 368496:1 1530261:1 829945:1 1915974:1 368726:3 501947:1 1668225:2 840280:1 1026584:1 818218:2 1710579:1 1877633:2 1662756:1 1165556:1 1231497:1 78034:1 1127149:1 1016415:1 339959:1 32011:1 305608:1 763566:1 166201:1 648180:1 760008:1 1341966:1 545532:1 1983752:2 14403:1 1180213:1 204389:1 67825:1 77076:1 1111458:1 1493091:1 1934225:1 1195029:1 1257144:13 616933:2 366312:1 1416733:3 663308:1 1923454:1 1293102:1 925667:1 503061:1 85344:1 1282101:1 100966:1 1287792:1 349984:1 19235:2 201815:1 904164:2 1234652:1 1462924:1 94016:2 693561:13 985823:3 1176763:1 537416:2 1117370:2 621196:1 1710898:2 1087031:1 522034:1 245929:2 447549:1 720397:1 389716:1 1806077:1 81211:1 1665383:1 891940:1 640721:1 1179871:1 1211852:1 2054316:1 1879092:1 548281:1 173442:1 621309:1 1530845:1 1909745:1 444833:1
386485,230975,59031,242774,275100,50429 301093:1 754237:1 1708645:1 117096:1 25642:1 1960916:1 1647082:3 489019:1 1920156:1 901520:2 1951989:1 1169928:1 1146890:1 1025163:1 285178:1 551690:1 1690566:2 1004359:1 850500:1 810202:1 1313087:3 1815811:1 1137332:1 1355021:1 1657857:3 1135717:1 1252552:1 1257203:3 1643138:1 757325:1 2021871:3 2046183:3 1971834:1 1802357:1 1140244:1 952978:1 343843:3 1285796:1 895950:1 1164947:1 23264:1 1735964:1 2012513:1 840280:2 1959409:3 136790:1 1872807:1 1662756:1 545041:1 908245:2 1165556:1 942963:1 293440:2 1466104:1 1724405:1 398714:2 1573374:1 1016415:1 567186:1 1870157:1 1294175:1 865230:2 2064667:2 1627496:1 1159039:1 472440:1 1321825:2 447960:1 622677:1 1956883:2 1577998:1 736945:1 841487:3 1252143:1 436001:1 1640651:1 14403:1 1562898:1 1783257:1 195760:1 1529650:1 77076:1 1623364:1 1163342:1 1582885:1 1975418:1 1934225:1 1152470:1 709952:1 268435:3 688958:1 1439781:1 375423:1 1434519:1 1632763:1 1716938:1 1069053:2 1220775:1 432317:1 719527:1 1492947:1 366312:1 1047665:3 1129361:13 1130499:1 958668:10 341434:1 1195027:2 614815:1 551023:1 1343292:1 1619313:1 1879841:5 1644598:1 1035289:1 830369:1 522859:1 194568:3 1054800:1 846847:1 343448:1 567921:1 1354403:1 1226636:1 1513431:1 693561:1 1390999:1 608531:1 1117370:1 994455:1 1189030:1 849462:2 1568086:1 447549:2 1967260:2 855276:1 1244406:1 1989445:1 703810:1 1527177:1 898766:1 925853:1 1879092:1 18561:2 1593670:1 548779:1 57027:1 1779069:1 517668:2 715184:1 1303404:1 1293447:1 2070888:2 1854012:1 106021:1 2050871:1 1455382:1 1909745:1 49877:1 1310375:1 223635:1 216691:1 536530:1 148569:2 129283:1
35308,40281 1042099:1 588378:1 736945:4 233102:1 1589536:1 1717280:2 531033:1 1541281:1 225843:1 1568238:1 942629:2 1647082:1 561704:1 383023:1 1975418:1 1272376:1 42792:3 840795:10 1851607:1 1731205:1 461672:1 985285:1 1648546:2 2023678:3 1055696:1 1421654:1 1657857:1 664857:2 1108720:1 301773:1 727696:1 1673413:1 1746980:3 72267:1 152406:1 2046183:1 100966:1 1741760:2 1448278:4 19235:2 460447:1 1022100:3 1530261:4 1755545:1 1628907:2 1875794:2 895950:1 693561:11 477325:1 678946:1 1725628:1 1843990:1 1845947:1 1619402:1 2002269:1 1262432:1 383444:1 460312:1 1435596:1 1176763:1 1662756:5 466751:1 282611:2 1332006:1 1550210:1 522034:1 1692962:1 720397:1 1331334:2 1710299:1 158733:4 1884640:1 1371249:2 1660044:1 1233379:1 592526:1 1432650:1 1891409:1 1879092:2 78034:4 1573374:1 1784171:1 210667:1 1289022:1 1669002:1 517668:3 903090:1 1303404:2 336075:1 1080282:1 760008:1 447960:1 1965839:1 1454403:1 1074553:2
93756,14904,389661,226405,11202,405110,274564,81495,263372,307345 1213767:1 956324:1 1576103:1 805806:1 1303514:1 1995312:1 489019:1 1763276:1 1901409:1 302205:1 1801684:1 185805:1 609406:1 1124270:1 584798:2 1602805:1 1226387:2 1146613:1 144881:1 513820:1 757535:1 1357328:1 826752:1 1257203:1 940790:2 512523:1 1299730:1 2046183:1 730375:1 660115:1 274747:1 1761882:4 1814910:1 606827:1 572336:1 585587:1 1594246:2 2015358:1 927087:1 624483:1 693561:1 467012:1 1722086:1 756818:1 497332:1 586641:1 1140549:2 1118902:1 1349200:1 519882:1 1060680:2 1469361:1 1640116:1 2007821:1 1431048:1 1867327:1 1569051:1 871383:1 1575378:1 1843700:1 278605:1 238341:1 342266:1 1240145:1 1320003:1 1523275:1 770306:1 1100926:1 585975:1 735075:1 1020003:1 83815:1 173875:1 1618727:1 1370215:1 266393:1 1168352:2 977746:1 369400:1 148569:1
242477 1229531:1 1180213:3 1233959:1 708889:1 1406707:2 1545604:1 1409541:1 1757226:7 1232127:1 786856:1 450618:1 645270:1 1298432:1 420418:1 699349:1 660115:1 610725:11 313154:1 629784:1 97802:1 1755545:1 1124870:2 758429:4 624483:1 1794993:1 521422:1 172624:1 497332:1 255996:1 734433:1 1283415:1 911076:1 37365:1 1248975:1 705666:1 81211:2 491361:3 1575378:2 2012805:1 1230009:1 144831:1 1496853:1 453755:2 339959:1 1151929:3 267784:1 2070888:1 179735:1 110871:1
143495,13079,272499,46327 1042099:1 650288:1 1015590:1 1412158:1 1576103:1 1822325:1 1795415:1 138380:1 905630:1 1647082:1 1284402:1 695897:1 1188746:1 345291:1 1631946:1 553113:1 268435:2 1146890:1 959786:1 1531747:1 1632763:1 95580:1 432317:2 1189508:1 138155:1 797180:1 394842:1 2005830:1 1832029:1 1815811:1 1131263:1 1657857:1 657583:1 183727:1 1108720:1 856508:1 1790822:1 554009:1 1257203:5 254458:2 2021871:1 1869470:1 948553:1 2046183:1 1330102:2 194568:1 1741760:1 1022100:1 1647136:3 630280:1 368726:1 1635780:1 1725628:1 231386:2 331158:1 292164:1 1062588:1 942853:1 1176763:1 562767:1 87519:1 1618569:1 1973742:1 530672:1 1287099:1 388259:1 1461802:1 1101498:1 81211:1 1875749:1 266403:1 1405615:1 2043597:1 679700:1 1361620:1 2043029:1 83551:1 1879092:1 87612:1 1922022:1 1785030:1 1440953:1 667991:1 1952358:1 1530845:1 1321825:1
118007,223569,315722,185443 650288:8 1401714:1 293997:1 1658488:6 1117370:1 1662756:1 699476:1 1160253:1 187163:1 1013175:1 2060185:1 1972926:1 1838456:1 942963:1 2005830:1 1575378:1 1744259:1 1797547:1 299913:1 1657857:1 1775769:1 1889911:1 2054316:1 1673413:2 2034778:1 1124860:1 1321349:1 548779:1 1504209:1 1779069:2 2039172:1 624094:1 194568:2 807294:1 572336:1 1293447:1 368496:1 43432:1 1530261:1 1226636:1 297810:4 1543393:1 343843:1
